,name,type,year,month,day
01/01/2013,New Year's Day,Regular Holiday,2013,1,1
24/01/2013,Maulid un-Nabi,Common local holiday,2013,1,24
10/02/2013,Lunar New Year's Day,Special Non-working Holiday,2013,2,10
25/02/2013,People Power Anniversary,Observance,2013,2,25
20/03/2013,March Equinox,Season,2013,3,20
28/03/2013,Maundy Thursday,Regular Holiday,2013,3,28
29/03/2013,Good Friday,Regular Holiday,2013,3,29
30/03/2013,Black Saturday,Observance,2013,3,30
31/03/2013,Easter Sunday,Observance,2013,3,31
09/04/2013,The Day of Valor,Regular Holiday,2013,4,9
01/05/2013,Labor Day,Regular Holiday,2013,5,1
06/06/2013,Lailatul Isra Wal Mi Raj,Common local holiday,2013,6,6
12/06/2013,Independence Day,Regular Holiday,2013,6,12
21/06/2013,June Solstice,Season,2013,6,21
08/08/2013,Eidul-Fitar,Regular Holiday,2013,8,8
21/08/2013,Ninoy Aquino Day,Special Non-working Holiday,2013,8,21
26/08/2013,National Heroes Day,Regular Holiday,2013,8,26
23/09/2013,September Equinox,Season,2013,9,23
15/10/2013,Eid al-Adha,Regular Holiday,2013,10,15
28/10/2013,Barangay Elections,Special Non-working Holiday,2013,10,28
01/11/2013,All Saints' Day,Special Non-working Holiday,2013,11,1
02/11/2013,All Souls' Day,Observance,2013,11,2
05/11/2013,Amun Jadid,"Muslim, Common local holiday",2013,11,5
30/11/2013,Bonifacio Day,Regular Holiday,2013,11,30
22/12/2013,December Solstice,Season,2013,12,22
24/12/2013,Christmas Eve,Observance,2013,12,24
25/12/2013,Christmas Day,Regular Holiday,2013,12,25
30/12/2013,Rizal Day,Regular Holiday,2013,12,30
31/12/2013,New Year's Eve,Special Non-working Holiday,2013,12,31
01/01/2014,New Year's Day,Regular Holiday,2014,1,1
14/01/2014,Maulid un-Nabi,Common local holiday,2014,1,14
31/01/2014,Lunar New Year's Day,Special Non-working Holiday,2014,1,31
25/02/2014,People Power Anniversary,Observance,2014,2,25
21/03/2014,March Equinox,Season,2014,3,21
09/04/2014,The Day of Valor,Regular Holiday,2014,4,9
17/04/2014,Maundy Thursday,Regular Holiday,2014,4,17
18/04/2014,Good Friday,Regular Holiday,2014,4,18
19/04/2014,Black Saturday,Special Non-working Holiday,2014,4,19
20/04/2014,Easter Sunday,Observance,2014,4,20
01/05/2014,Labor Day,Regular Holiday,2014,5,1
27/05/2014,Lailatul Isra Wal Mi Raj,Common local holiday,2014,5,27
12/06/2014,Independence Day,Regular Holiday,2014,6,12
21/06/2014,June Solstice,Season,2014,6,21
29/07/2014,Eidul-Fitar,Regular Holiday,2014,7,29
21/08/2014,Ninoy Aquino Day,Special Non-working Holiday,2014,8,21
25/08/2014,National Heroes Day,Regular Holiday,2014,8,25
23/09/2014,September Equinox,Season,2014,9,23
06/10/2014,Eid al-Adha,Regular Holiday,2014,10,6
25/10/2014,Amun Jadid,"Muslim, Common local holiday",2014,10,25
01/11/2014,All Saints' Day,Special Non-working Holiday,2014,11,1
02/11/2014,All Souls' Day,Observance,2014,11,2
30/11/2014,Bonifacio Day,Regular Holiday,2014,11,30
22/12/2014,December Solstice,Season,2014,12,22
24/12/2014,Christmas Eve,Special Non-working Holiday,2014,12,24
25/12/2014,Christmas Day,Regular Holiday,2014,12,25
26/12/2014,Special Day after Christmas,Special Non-working Holiday,2014,12,26
30/12/2014,Rizal Day,Regular Holiday,2014,12,30
31/12/2014,New Year's Eve,Special Non-working Holiday,2014,12,31
01/01/2015,New Year's Day,Regular Holiday,2015,1,1
02/01/2015,Day After New Year's Day,Regular Holiday,2015,1,2
03/01/2015,Maulid un-Nabi,Common local holiday,2015,1,3
15/01/2015,Pope's Visit (Public holiday in Manila),Observance,2015,1,15
16/01/2015,Pope's Visit (Public holiday in Manila),Observance,2015,1,16
17/01/2015,Pope's Visit (Public holiday in Manila),Observance,2015,1,17
18/01/2015,Pope's Visit (Public holiday in Manila),Observance,2015,1,18
19/01/2015,Pope's Visit (Public holiday in Manila),Observance,2015,1,19
19/02/2015,Lunar New Year's Day,Special Non-working Holiday,2015,2,19
25/02/2015,People Power Anniversary,Observance,2015,2,25
21/03/2015,March Equinox,Season,2015,3,21
02/04/2015,Maundy Thursday,Regular Holiday,2015,4,2
03/04/2015,Good Friday,Regular Holiday,2015,4,3
04/04/2015,Black Saturday,Special Non-working Holiday,2015,4,4
05/04/2015,Easter Sunday,Observance,2015,4,5
09/04/2015,The Day of Valor,Regular Holiday,2015,4,9
01/05/2015,Labor Day,Regular Holiday,2015,5,1
16/05/2015,Lailatul Isra Wal Mi Raj,Common local holiday,2015,5,16
12/06/2015,Independence Day,Regular Holiday,2015,6,12
22/06/2015,June Solstice,Season,2015,6,22
17/07/2015,Eidul-Fitar,Regular Holiday,2015,7,17
21/08/2015,Ninoy Aquino Day,Special Non-working Holiday,2015,8,21
31/08/2015,National Heroes Day,Regular Holiday,2015,8,31
23/09/2015,September Equinox,Season,2015,9,23
25/09/2015,Eid al-Adha,Regular Holiday,2015,9,25
15/10/2015,Amun Jadid,"Muslim, Common local holiday",2015,10,15
01/11/2015,All Saints' Day,Special Non-working Holiday,2015,11,1
02/11/2015,All Souls' Day,Observance,2015,11,2
17/11/2015,APEC Summit Extra Holiday,Observance,2015,11,17
18/11/2015,APEC Summit Extra Holiday,Special Non-working Holiday,2015,11,18
20/11/2015,APEC Summit Extra Holiday,Observance,2015,11,20
30/11/2015,Bonifacio Day,Regular Holiday,2015,11,30
22/12/2015,December Solstice,Season,2015,12,22
24/12/2015,Christmas Eve,Special Non-working Holiday,2015,12,24
25/12/2015,Christmas Day,Regular Holiday,2015,12,25
30/12/2015,Rizal Day,Regular Holiday,2015,12,30
31/12/2015,New Year's Eve,Special Non-working Holiday,2015,12,31
01/01/2016,New Year's Day,Regular Holiday,2016,1,1
02/01/2016,Special non-working day after New Year,Special Non-working Holiday,2016,1,2
08/02/2016,Lunar New Year's Day,Special Non-working Holiday,2016,2,8
25/02/2016,People Power Anniversary,Special Non-working Holiday,2016,2,25
20/03/2016,March Equinox,Season,2016,3,20
24/03/2016,Maundy Thursday,Regular Holiday,2016,3,24
25/03/2016,Good Friday,Regular Holiday,2016,3,25
26/03/2016,Black Saturday,Special Non-working Holiday,2016,3,26
27/03/2016,Easter Sunday,Observance,2016,3,27
09/04/2016,The Day of Valor,Regular Holiday,2016,4,9
01/05/2016,Labor Day,Regular Holiday,2016,5,1
05/05/2016,Lailatul Isra Wal Mi Raj,Common local holiday,2016,5,5
09/05/2016,National Elections,Special Non-working Holiday,2016,5,9
12/06/2016,Independence Day,Regular Holiday,2016,6,12
21/06/2016,June Solstice,Season,2016,6,21
07/07/2016,Eidul-Fitar,Regular Holiday,2016,7,7
21/08/2016,Ninoy Aquino Day,Special Non-working Holiday,2016,8,21
29/08/2016,National Heroes Day,Regular Holiday,2016,8,29
10/09/2016,Eid al-Adha,Regular Holiday,2016,9,10
11/09/2016,Eid al-Adha Day 2,Common local holiday,2016,9,11
12/09/2016,Eid al-Adha Day 3,National holiday,2016,9,12
22/09/2016,September Equinox,Season,2016,9,22
03/10/2016,Amun Jadid,"Muslim, Common local holiday",2016,10,3
31/10/2016,Special non-working Day,National holiday,2016,10,31
01/11/2016,All Saints' Day,Special Non-working Holiday,2016,11,1
02/11/2016,All Souls' Day,Observance,2016,11,2
30/11/2016,Bonifacio Day,Regular Holiday,2016,11,30
12/12/2016,Maulid un-Nabi,Common local holiday,2016,12,12
21/12/2016,December Solstice,Season,2016,12,21
24/12/2016,Christmas Eve,Special Non-working Holiday,2016,12,24
25/12/2016,Christmas Day,Regular Holiday,2016,12,25
26/12/2016,Christmas Day observed,Regular Holiday,2016,12,26
30/12/2016,Rizal Day,Regular Holiday,2016,12,30
31/12/2016,New Year's Eve,Special Non-working Holiday,2016,12,31
01/01/2017,New Year's Day,Regular Holiday,2017,1,1
02/01/2017,New Year's Day observed,Regular Holiday,2017,1,2
28/01/2017,Lunar New Year's Day,Special Non-working Holiday,2017,1,28
25/02/2017,People Power Anniversary,Observance,2017,2,25
20/03/2017,March Equinox,Season,2017,3,20
09/04/2017,The Day of Valor,Regular Holiday,2017,4,9
13/04/2017,Maundy Thursday,Regular Holiday,2017,4,13
14/04/2017,Good Friday,Regular Holiday,2017,4,14
15/04/2017,Black Saturday,Special Non-working Holiday,2017,4,15
16/04/2017,Easter Sunday,Observance,2017,4,16
24/04/2017,Lailatul Isra Wal Mi Raj,Common local holiday,2017,4,24
01/05/2017,Labor Day,Regular Holiday,2017,5,1
12/06/2017,Independence Day,Regular Holiday,2017,6,12
21/06/2017,June Solstice,Season,2017,6,21
26/06/2017,Eidul-Fitar,Regular Holiday,2017,6,26
21/08/2017,Ninoy Aquino Day,Special Non-working Holiday,2017,8,21
28/08/2017,National Heroes Day,Regular Holiday,2017,8,28
02/09/2017,Eid al-Adha,Regular Holiday,2017,9,2
03/09/2017,Eid al-Adha Day 2,Common local holiday,2017,9,3
22/09/2017,Amun Jadid,"Muslim, Common local holiday",2017,9,22
23/09/2017,September Equinox,Season,2017,9,23
31/10/2017,Special non-working Day,National holiday,2017,10,31
01/11/2017,All Saints' Day,Special Non-working Holiday,2017,11,1
02/11/2017,All Souls' Day,Observance,2017,11,2
30/11/2017,Bonifacio Day,Regular Holiday,2017,11,30
01/12/2017,Maulid un-Nabi,Common local holiday,2017,12,1
08/12/2017,Feast of the Immaculate Conception,Special Non-working Holiday,2017,12,8
22/12/2017,December Solstice,Season,2017,12,22
24/12/2017,Christmas Eve,Observance,2017,12,24
25/12/2017,Christmas Day,Regular Holiday,2017,12,25
30/12/2017,Rizal Day,Regular Holiday,2017,12,30
31/12/2017,New Year's Eve,Special Non-working Holiday,2017,12,31
01/01/2018,New Year's Day,Regular Holiday,2018,1,1
16/02/2018,Lunar New Year's Day,Special Non-working Holiday,2018,2,16
25/02/2018,People Power Anniversary,Special Non-working Holiday,2018,2,25
21/03/2018,March Equinox,Season,2018,3,21
29/03/2018,Maundy Thursday,Regular Holiday,2018,3,29
30/03/2018,Good Friday,Regular Holiday,2018,3,30
31/03/2018,Black Saturday,Special Non-working Holiday,2018,3,31
01/04/2018,Easter Sunday,Observance,2018,4,1
09/04/2018,The Day of Valor,Regular Holiday,2018,4,9
13/04/2018,Lailatul Isra Wal Mi Raj,Common local holiday,2018,4,13
01/05/2018,Labor Day,Regular Holiday,2018,5,1
14/05/2018,Special Non-Working Day,Special Non-working Holiday,2018,5,14
12/06/2018,Independence Day,Regular Holiday,2018,6,12
15/06/2018,Eidul-Fitar,Regular Holiday,2018,6,15
21/06/2018,June Solstice,Season,2018,6,21
21/08/2018,Eid al-Adha,Regular Holiday,2018,8,21
22/08/2018,Eid al-Adha Day 2,Common local holiday,2018,8,22
27/08/2018,National Heroes Day,Regular Holiday,2018,8,27
12/09/2018,Amun Jadid,"Muslim, Common local holiday",2018,9,12
23/09/2018,September Equinox,Season,2018,9,23
01/11/2018,All Saints' Day,Special Non-working Holiday,2018,11,1
02/11/2018,All Souls' Day,Special Non-working Holiday,2018,11,2
21/11/2018,Maulid un-Nabi,Common local holiday,2018,11,21
30/11/2018,Bonifacio Day,Regular Holiday,2018,11,30
08/12/2018,Feast of the Immaculate Conception,Special Non-working Holiday,2018,12,8
22/12/2018,December Solstice,Season,2018,12,22
24/12/2018,Christmas Eve,Special Non-working Holiday,2018,12,24
25/12/2018,Christmas Day,Regular Holiday,2018,12,25
30/12/2018,Rizal Day,Regular Holiday,2018,12,30
31/12/2018,New Year's Eve,Special Non-working Holiday,2018,12,31
01/01/2019,New Year's Day,Regular Holiday,2019,1,1
23/01/2019,First Philippine Republic Day,Special Working Day,2019,1,23
05/02/2019,Lunar New Year's Day,Special Non-working Holiday,2019,2,5
25/02/2019,People Power Anniversary,Special Non-working Holiday,2019,2,25
21/03/2019,March Equinox,Season,2019,3,21
03/04/2019,Lailatul Isra Wal Mi Raj,Common local holiday,2019,4,3
09/04/2019,The Day of Valor,Regular Holiday,2019,4,9
18/04/2019,Maundy Thursday,Regular Holiday,2019,4,18
19/04/2019,Good Friday,Regular Holiday,2019,4,19
20/04/2019,Black Saturday,Special Non-working Holiday,2019,4,20
21/04/2019,Easter Sunday,Observance,2019,4,21
01/05/2019,Labor Day,Regular Holiday,2019,5,1
13/05/2019,Special Non-Working Day,Special Non-working Holiday,2019,5,13
05/06/2019,Eidul-Fitar,Regular Holiday,2019,6,5
12/06/2019,Independence Day,Regular Holiday,2019,6,12
21/06/2019,June Solstice,Season,2019,6,21
12/08/2019,Eid al-Adha,Regular Holiday,2019,8,12
13/08/2019,Eid al-Adha Day 2,Common local holiday,2019,8,13
21/08/2019,Ninoy Aquino Day,Special Non-working Holiday,2019,8,21
26/08/2019,National Heroes Day,Regular Holiday,2019,8,26
31/08/2019,Amun Jadid,"Muslim, Common local holiday",2019,8,31
03/09/2019,Yamashita Surrender Day,Special Working Day,2019,9,3
08/09/2019,Feast of the Nativity of Mary,Special Working Day,2019,9,8
23/09/2019,September Equinox,Season,2019,9,23
01/11/2019,All Saints' Day,Special Non-working Holiday,2019,11,1
02/11/2019,All Souls' Day,Special Non-working Holiday,2019,11,2
09/11/2019,Maulid un-Nabi,Common local holiday,2019,11,9
30/11/2019,Bonifacio Day,Regular Holiday,2019,11,30
08/12/2019,Feast of the Immaculate Conception,Special Non-working Holiday,2019,12,8
22/12/2019,December Solstice,Season,2019,12,22
24/12/2019,Christmas Eve,Special Non-working Holiday,2019,12,24
25/12/2019,Christmas Day,Regular Holiday,2019,12,25
30/12/2019,Rizal Day,Regular Holiday,2019,12,30
31/12/2019,New Year's Eve,Special Non-working Holiday,2019,12,31
01/01/2020,New Year's Day,Regular Holiday,2020,1,1
23/01/2020,First Philippine Republic Day,Special Working Day,2020,1,23
25/01/2020,Lunar New Year's Day,Special Non-working Holiday,2020,1,25
25/02/2020,People Power Anniversary,Special Non-working Holiday,2020,2,25
20/03/2020,March Equinox,Season,2020,3,20
22/03/2020,Lailatul Isra Wal Mi Raj,Common local holiday,2020,3,22
09/04/2020,Maundy Thursday,Regular Holiday,2020,4,9
10/04/2020,Good Friday,Regular Holiday,2020,4,10
11/04/2020,Black Saturday,Special Non-working Holiday,2020,4,11
12/04/2020,Easter Sunday,Observance,2020,4,12
01/05/2020,Labor Day,Regular Holiday,2020,5,1
24/05/2020,Eidul-Fitar,Observance,2020,5,24
25/05/2020,Eidul-Fitar Holiday,Regular Holiday,2020,5,25
12/06/2020,Independence Day,Regular Holiday,2020,6,12
21/06/2020,June Solstice,Season,2020,6,21
31/07/2020,Eid al-Adha,Regular Holiday,2020,7,31
01/08/2020,Eid al-Adha Day 2,Common local holiday,2020,8,1
20/08/2020,Amun Jadid,"Muslim, Common local holiday",2020,8,20
21/08/2020,Ninoy Aquino Day,Special Non-working Holiday,2020,8,21
31/08/2020,National Heroes Day,Regular Holiday,2020,8,31
03/09/2020,Yamashita Surrender Day,Special Working Day,2020,9,3
08/09/2020,Feast of the Nativity of Mary,Special Working Day,2020,9,8
22/09/2020,September Equinox,Season,2020,9,22
29/10/2020,Maulid un-Nabi,Common local holiday,2020,10,29
01/11/2020,All Saints' Day,Special Non-working Holiday,2020,11,1
02/11/2020,All Souls' Day,Special Non-working Holiday,2020,11,2
30/11/2020,Bonifacio Day,Regular Holiday,2020,11,30
08/12/2020,Feast of the Immaculate Conception,Special Non-working Holiday,2020,12,8
21/12/2020,December Solstice,Season,2020,12,21
24/12/2020,Christmas Eve,Special Non-working Holiday,2020,12,24
25/12/2020,Christmas Day,Regular Holiday,2020,12,25
30/12/2020,Rizal Day,Regular Holiday,2020,12,30
31/12/2020,New Year's Eve,Special Non-working Holiday,2020,12,31
01/01/2021,New Year's Day,Regular Holiday,2021,1,1
23/01/2021,First Philippine Republic Day,Special Working Day,2021,1,23
12/02/2021,Lunar New Year's Day,Special Non-working Holiday,2021,2,12
25/02/2021,People Power Anniversary,Special Non-working Holiday,2021,2,25
11/03/2021,Lailatul Isra Wal Mi Raj,Common local holiday,2021,3,11
20/03/2021,March Equinox,Season,2021,3,20
01/04/2021,Maundy Thursday,Regular Holiday,2021,4,1
02/04/2021,Good Friday,Regular Holiday,2021,4,2
03/04/2021,Black Saturday,Special Non-working Holiday,2021,4,3
04/04/2021,Easter Sunday,Observance,2021,4,4
09/04/2021,The Day of Valor,Regular Holiday,2021,4,9
01/05/2021,Labor Day,Regular Holiday,2021,5,1
13/05/2021,Eidul-Fitar,Regular Holiday,2021,5,13
12/06/2021,Independence Day,Regular Holiday,2021,6,12
21/06/2021,June Solstice,Season,2021,6,21
20/07/2021,Eid al-Adha,Regular Holiday,2021,7,20
21/07/2021,Eid al-Adha Day 2,Common local holiday,2021,7,21
10/08/2021,Amun Jadid,"Muslim, Common local holiday",2021,8,10
21/08/2021,Ninoy Aquino Day,Special Non-working Holiday,2021,8,21
30/08/2021,National Heroes Day,Regular Holiday,2021,8,30
03/09/2021,Yamashita Surrender Day,Special Working Day,2021,9,3
08/09/2021,Feast of the Nativity of Mary,Special Working Day,2021,9,8
23/09/2021,September Equinox,Season,2021,9,23
18/10/2021,Maulid un-Nabi,Common local holiday,2021,10,18
01/11/2021,All Saints' Day,Special Non-working Holiday,2021,11,1
02/11/2021,All Souls' Day,Special Working Day,2021,11,2
30/11/2021,Bonifacio Day,Regular Holiday,2021,11,30
08/12/2021,Feast of the Immaculate Conception,Special Non-working Holiday,2021,12,8
21/12/2021,December Solstice,Season,2021,12,21
24/12/2021,Christmas Eve,Special Working Day,2021,12,24
25/12/2021,Christmas Day,Regular Holiday,2021,12,25
30/12/2021,Rizal Day,Regular Holiday,2021,12,30
31/12/2021,New Year's Eve,Special Working Day,2021,12,31
01/01/2022,New Year's Day,Regular Holiday,2022,1,1
23/01/2022,First Philippine Republic Day,Special Working Day,2022,1,23
01/02/2022,Lunar New Year's Day,Special Non-working Holiday,2022,2,1
25/02/2022,People Power Anniversary,Special Non-working Holiday,2022,2,25
28/02/2022,Lailatul Isra Wal Mi Raj,Common local holiday,2022,2,28
20/03/2022,March Equinox,Season,2022,3,20
09/04/2022,The Day of Valor,Regular Holiday,2022,4,9
14/04/2022,Maundy Thursday,Regular Holiday,2022,4,14
15/04/2022,Good Friday,Regular Holiday,2022,4,15
16/04/2022,Black Saturday,Special Non-working Holiday,2022,4,16
17/04/2022,Easter Sunday,Observance,2022,4,17
01/05/2022,Labor Day,Regular Holiday,2022,5,1
02/05/2022,Eidul-Fitar,Observance,2022,5,2
03/05/2022,Eidul-Fitar Holiday,Regular Holiday,2022,5,3
09/05/2022,National and Local Election Holiday,Special Non-working Holiday,2022,5,9
12/06/2022,Independence Day,Regular Holiday,2022,6,12
21/06/2022,June Solstice,Season,2022,6,21
09/07/2022,Eid al-Adha,Regular Holiday,2022,7,9
10/07/2022,Eid al-Adha Day 2,Common local holiday,2022,7,10
30/07/2022,Amun Jadid,"Muslim, Common local holiday",2022,7,30
21/08/2022,Ninoy Aquino Day,Special Non-working Holiday,2022,8,21
29/08/2022,National Heroes Day,Regular Holiday,2022,8,29
03/09/2022,Yamashita Surrender Day,Special Working Day,2022,9,3
08/09/2022,Feast of the Nativity of Mary,Special Working Day,2022,9,8
23/09/2022,September Equinox,Season,2022,9,23
08/10/2022,Maulid un-Nabi,Common local holiday,2022,10,8
31/10/2022,Special Family Ties and Domestic Tourism Day,Special Non-working Holiday,2022,10,31
01/11/2022,All Saints' Day,Special Non-working Holiday,2022,11,1
02/11/2022,All Souls' Day,Special Working Day,2022,11,2
30/11/2022,Bonifacio Day,Regular Holiday,2022,11,30
08/12/2022,Feast of the Immaculate Conception,Special Non-working Holiday,2022,12,8
22/12/2022,December Solstice,Season,2022,12,22
24/12/2022,Christmas Eve,Special Working Day,2022,12,24
25/12/2022,Christmas Day,Regular Holiday,2022,12,25
26/12/2022,Special Day after Christmas,Special Non-working Holiday,2022,12,26
30/12/2022,Rizal Day,Regular Holiday,2022,12,30
31/12/2022,New Year's Eve,Special Working Day,2022,12,31
01/01/2023,New Year's Day,Regular Holiday,2023,1,1
02/01/2023,Special non-working day after New Year,Special Non-working Holiday,2023,1,2
22/01/2023,Lunar New Year's Day,Observance,2023,1,22
23/01/2023,First Philippine Republic Day,Special Working Day,2023,1,23
18/02/2023,Lailatul Isra Wal Mi Raj,Common local holiday,2023,2,18
24/02/2023,Day off for People Power Anniversary,Special Non-working Holiday,2023,2,24
25/02/2023,People Power Anniversary,Special Non-working Holiday,2023,2,25
21/03/2023,March Equinox,Season,2023,3,21
23/03/2023,Ramadan Start,Observance,2023,3,23
06/04/2023,Maundy Thursday,Regular Holiday,2023,4,6
07/04/2023,Good Friday,Regular Holiday,2023,4,7
08/04/2023,Black Saturday,Special Non-working Holiday,2023,4,8
09/04/2023,Easter Sunday,Observance,2023,4,9
10/04/2023,The Day of Valor,Regular Holiday,2023,4,10
21/04/2023,Eidul-Fitar Holiday,Regular Holiday,2023,4,21
22/04/2023,Eidul-Fitar,Observance,2023,4,22
01/05/2023,Labor Day,Regular Holiday,2023,5,1
12/06/2023,Independence Day,Regular Holiday,2023,6,12
21/06/2023,June Solstice,Season,2023,6,21
28/06/2023,Eid al-Adha,Regular Holiday,2023,6,28
29/06/2023,Eid al-Adha Day 2,Common local holiday,2023,6,29
19/07/2023,Amun Jadid,"Muslim, Common local holiday",2023,7,19
21/08/2023,Ninoy Aquino Day,Special Non-working Holiday,2023,8,21
28/08/2023,National Heroes Day,Regular Holiday,2023,8,28
03/09/2023,Yamashita Surrender Day,Special Working Day,2023,9,3
08/09/2023,Feast of the Nativity of Mary,Special Working Day,2023,9,8
23/09/2023,September Equinox,Season,2023,9,23
27/09/2023,Maulid un-Nabi,Common local holiday,2023,9,27
01/11/2023,All Saints' Day,Special Non-working Holiday,2023,11,1
02/11/2023,All Souls' Day,Special Non-working Holiday,2023,11,2
27/11/2023,Bonifacio Day,Regular Holiday,2023,11,27
30/11/2023,Bonifacio Day,Observance,2023,11,30
08/12/2023,Feast of the Immaculate Conception,Special Non-working Holiday,2023,12,8
22/12/2023,December Solstice,Season,2023,12,22
24/12/2023,Christmas Eve,Observance,2023,12,24
25/12/2023,Christmas Day,Regular Holiday,2023,12,25
30/12/2023,Rizal Day,Regular Holiday,2023,12,30
31/12/2023,New Year's Eve,Special Non-working Holiday,2023,12,31
01/01/2024,New Year's Day,Regular Holiday,2024,1,1
23/01/2024,First Philippine Republic Day,Special Working Day,2024,1,23
07/02/2024,Lailatul Isra Wal Mi Raj,Common local holiday,2024,2,7
10/02/2024,Lunar New Year's Day,Special Non-working Holiday,2024,2,10
25/02/2024,People Power Anniversary,Special Non-working Holiday,2024,2,25
11/03/2024,Ramadan Start,Observance,2024,3,11
20/03/2024,March Equinox,Season,2024,3,20
28/03/2024,Maundy Thursday,Regular Holiday,2024,3,28
29/03/2024,Good Friday,Regular Holiday,2024,3,29
30/03/2024,Black Saturday,Special Non-working Holiday,2024,3,30
31/03/2024,Easter Sunday,Observance,2024,3,31
09/04/2024,The Day of Valor,Regular Holiday,2024,4,9
10/04/2024,Eidul-Fitar,Regular Holiday,2024,4,10
01/05/2024,Labor Day,Regular Holiday,2024,5,1
12/06/2024,Independence Day,Regular Holiday,2024,6,12
17/06/2024,Eid al-Adha,Regular Holiday,2024,6,17
18/06/2024,Eid al-Adha Day 2,Common local holiday,2024,6,18
21/06/2024,June Solstice,Season,2024,6,21
08/07/2024,Amun Jadid,"Muslim, Common local holiday",2024,7,8
21/08/2024,Ninoy Aquino Day,Special Non-working Holiday,2024,8,21
26/08/2024,National Heroes Day,Regular Holiday,2024,8,26
03/09/2024,Yamashita Surrender Day,Special Working Day,2024,9,3
08/09/2024,Feast of the Nativity of Mary,Special Working Day,2024,9,8
16/09/2024,Maulid un-Nabi,Common local holiday,2024,9,16
22/09/2024,September Equinox,Season,2024,9,22
01/11/2024,All Saints' Day,Special Non-working Holiday,2024,11,1
02/11/2024,All Souls' Day,Observance,2024,11,2
30/11/2024,Bonifacio Day,Regular Holiday,2024,11,30
08/12/2024,Feast of the Immaculate Conception,Special Non-working Holiday,2024,12,8
21/12/2024,December Solstice,Season,2024,12,21
24/12/2024,Christmas Eve,Observance,2024,12,24
25/12/2024,Christmas Day,Regular Holiday,2024,12,25
30/12/2024,Rizal Day,Regular Holiday,2024,12,30
31/12/2024,New Year's Eve,Special Non-working Holiday,2024,12,31
01/01/2025,New Year's Day,Regular Holiday,2025,1,1
23/01/2025,First Philippine Republic Day,Special Working Day,2025,1,23
27/01/2025,Lailatul Isra Wal Mi Raj,Common local holiday,2025,1,27
29/01/2025,Lunar New Year's Day,Special Non-working Holiday,2025,1,29
25/02/2025,People Power Anniversary,Special Non-working Holiday,2025,2,25
01/03/2025,Ramadan Start,Observance,2025,3,1
20/03/2025,March Equinox,Season,2025,3,20
31/03/2025,Eidul-Fitar,Regular Holiday,2025,3,31
09/04/2025,The Day of Valor,Regular Holiday,2025,4,9
17/04/2025,Maundy Thursday,Regular Holiday,2025,4,17
18/04/2025,Good Friday,Regular Holiday,2025,4,18
19/04/2025,Black Saturday,Special Non-working Holiday,2025,4,19
20/04/2025,Easter Sunday,Observance,2025,4,20
01/05/2025,Labor Day,Regular Holiday,2025,5,1
07/06/2025,Eid al-Adha,Regular Holiday,2025,6,7
08/06/2025,Eid al-Adha Day 2,Common local holiday,2025,6,8
12/06/2025,Independence Day,Regular Holiday,2025,6,12
21/06/2025,June Solstice,Season,2025,6,21
27/06/2025,Amun Jadid,"Muslim, Common local holiday",2025,6,27
21/08/2025,Ninoy Aquino Day,Special Non-working Holiday,2025,8,21
25/08/2025,National Heroes Day,Regular Holiday,2025,8,25
03/09/2025,Yamashita Surrender Day,Special Working Day,2025,9,3
05/09/2025,Maulid un-Nabi,Common local holiday,2025,9,5
08/09/2025,Feast of the Nativity of Mary,Special Working Day,2025,9,8
23/09/2025,September Equinox,Season,2025,9,23
01/11/2025,All Saints' Day,Special Non-working Holiday,2025,11,1
02/11/2025,All Souls' Day,Observance,2025,11,2
30/11/2025,Bonifacio Day,Regular Holiday,2025,11,30
08/12/2025,Feast of the Immaculate Conception,Special Non-working Holiday,2025,12,8
21/12/2025,December Solstice,Season,2025,12,21
24/12/2025,Christmas Eve,Observance,2025,12,24
25/12/2025,Christmas Day,Regular Holiday,2025,12,25
30/12/2025,Rizal Day,Regular Holiday,2025,12,30
31/12/2025,New Year's Eve,Special Non-working Holiday,2025,12,31
01/01/2026,New Year's Day,Regular Holiday,2026,1,1
16/01/2026,Lailatul Isra Wal Mi Raj,Common local holiday,2026,1,16
23/01/2026,First Philippine Republic Day,Special Working Day,2026,1,23
17/02/2026,Lunar New Year's Day,Special Non-working Holiday,2026,2,17
18/02/2026,Ramadan Start,Observance,2026,2,18
25/02/2026,People Power Anniversary,Special Non-working Holiday,2026,2,25
20/03/2026,Eidul-Fitar,Regular Holiday,2026,3,20
02/04/2026,Maundy Thursday,Regular Holiday,2026,4,2
03/04/2026,Good Friday,Regular Holiday,2026,4,3
04/04/2026,Black Saturday,Special Non-working Holiday,2026,4,4
05/04/2026,Easter Sunday,Observance,2026,4,5
09/04/2026,The Day of Valor,Regular Holiday,2026,4,9
01/05/2026,Labor Day,Regular Holiday,2026,5,1
27/05/2026,Eid al-Adha,Regular Holiday,2026,5,27
28/05/2026,Eid al-Adha Day 2,Common local holiday,2026,5,28
12/06/2026,Independence Day,Regular Holiday,2026,6,12
17/06/2026,Amun Jadid,"Muslim, Common local holiday",2026,6,17
21/06/2026,June Solstice,Season,2026,6,21
21/08/2026,Ninoy Aquino Day,Special Non-working Holiday,2026,8,21
26/08/2026,Maulid un-Nabi,Common local holiday,2026,8,26
31/08/2026,National Heroes Day,Regular Holiday,2026,8,31
03/09/2026,Yamashita Surrender Day,Special Working Day,2026,9,3
08/09/2026,Feast of the Nativity of Mary,Special Working Day,2026,9,8
23/09/2026,September Equinox,Season,2026,9,23
01/11/2026,All Saints' Day,Special Non-working Holiday,2026,11,1
02/11/2026,All Souls' Day,Observance,2026,11,2
30/11/2026,Bonifacio Day,Regular Holiday,2026,11,30
08/12/2026,Feast of the Immaculate Conception,Special Non-working Holiday,2026,12,8
22/12/2026,December Solstice,Season,2026,12,22
24/12/2026,Christmas Eve,Observance,2026,12,24
25/12/2026,Christmas Day,Regular Holiday,2026,12,25
30/12/2026,Rizal Day,Regular Holiday,2026,12,30
31/12/2026,New Year's Eve,Special Non-working Holiday,2026,12,31
01/01/2027,New Year's Day,Regular Holiday,2027,1,1
06/01/2027,Lailatul Isra Wal Mi Raj,Common local holiday,2027,1,6
23/01/2027,First Philippine Republic Day,Special Working Day,2027,1,23
06/02/2027,Lunar New Year's Day,Special Non-working Holiday,2027,2,6
08/02/2027,Ramadan Start,Observance,2027,2,8
25/02/2027,People Power Anniversary,Special Non-working Holiday,2027,2,25
10/03/2027,Eidul-Fitar,Regular Holiday,2027,3,10
21/03/2027,March Equinox,Season,2027,3,21
25/03/2027,Maundy Thursday,Regular Holiday,2027,3,25
26/03/2027,Good Friday,Regular Holiday,2027,3,26
27/03/2027,Black Saturday,Special Non-working Holiday,2027,3,27
28/03/2027,Easter Sunday,Observance,2027,3,28
09/04/2027,The Day of Valor,Regular Holiday,2027,4,9
01/05/2027,Labor Day,Regular Holiday,2027,5,1
17/05/2027,Eid al-Adha,Regular Holiday,2027,5,17
18/05/2027,Eid al-Adha Day 2,Common local holiday,2027,5,18
06/06/2027,Amun Jadid,"Muslim, Common local holiday",2027,6,6
12/06/2027,Independence Day,Regular Holiday,2027,6,12
21/06/2027,June Solstice,Season,2027,6,21
15/08/2027,Maulid un-Nabi,Common local holiday,2027,8,15
21/08/2027,Ninoy Aquino Day,Special Non-working Holiday,2027,8,21
30/08/2027,National Heroes Day,Regular Holiday,2027,8,30
03/09/2027,Yamashita Surrender Day,Special Working Day,2027,9,3
08/09/2027,Feast of the Nativity of Mary,Special Working Day,2027,9,8
23/09/2027,September Equinox,Season,2027,9,23
01/11/2027,All Saints' Day,Special Non-working Holiday,2027,11,1
02/11/2027,All Souls' Day,Observance,2027,11,2
30/11/2027,Bonifacio Day,Regular Holiday,2027,11,30
08/12/2027,Feast of the Immaculate Conception,Special Non-working Holiday,2027,12,8
22/12/2027,December Solstice,Season,2027,12,22
24/12/2027,Christmas Eve,Observance,2027,12,24
25/12/2027,Christmas Day,Regular Holiday,2027,12,25
26/12/2027,Lailatul Isra Wal Mi Raj,Common local holiday,2027,12,26
30/12/2027,Rizal Day,Regular Holiday,2027,12,30
31/12/2027,New Year's Eve,Special Non-working Holiday,2027,12,31
01/01/2028,New Year's Day,Regular Holiday,2028,1,1
23/01/2028,First Philippine Republic Day,Special Working Day,2028,1,23
26/01/2028,Lunar New Year's Day,Special Non-working Holiday,2028,1,26
28/01/2028,Ramadan Start,Observance,2028,1,28
25/02/2028,People Power Anniversary,Special Non-working Holiday,2028,2,25
27/02/2028,Eidul-Fitar,Regular Holiday,2028,2,27
20/03/2028,March Equinox,Season,2028,3,20
09/04/2028,The Day of Valor,Regular Holiday,2028,4,9
13/04/2028,Maundy Thursday,Regular Holiday,2028,4,13
14/04/2028,Good Friday,Regular Holiday,2028,4,14
15/04/2028,Black Saturday,Special Non-working Holiday,2028,4,15
16/04/2028,Easter Sunday,Observance,2028,4,16
01/05/2028,Labor Day,Regular Holiday,2028,5,1
05/05/2028,Eid al-Adha,Regular Holiday,2028,5,5
06/05/2028,Eid al-Adha Day 2,Common local holiday,2028,5,6
25/05/2028,Amun Jadid,"Muslim, Common local holiday",2028,5,25
12/06/2028,Independence Day,Regular Holiday,2028,6,12
21/06/2028,June Solstice,Season,2028,6,21
03/08/2028,Maulid un-Nabi,Common local holiday,2028,8,3
21/08/2028,Ninoy Aquino Day,Special Non-working Holiday,2028,8,21
28/08/2028,National Heroes Day,Regular Holiday,2028,8,28
03/09/2028,Yamashita Surrender Day,Special Working Day,2028,9,3
08/09/2028,Feast of the Nativity of Mary,Special Working Day,2028,9,8
22/09/2028,September Equinox,Season,2028,9,22
01/11/2028,All Saints' Day,Special Non-working Holiday,2028,11,1
02/11/2028,All Souls' Day,Observance,2028,11,2
30/11/2028,Bonifacio Day,Regular Holiday,2028,11,30
08/12/2028,Feast of the Immaculate Conception,Special Non-working Holiday,2028,12,8
14/12/2028,Lailatul Isra Wal Mi Raj,Common local holiday,2028,12,14
21/12/2028,December Solstice,Season,2028,12,21
24/12/2028,Christmas Eve,Observance,2028,12,24
25/12/2028,Christmas Day,Regular Holiday,2028,12,25
30/12/2028,Rizal Day,Regular Holiday,2028,12,30
31/12/2028,New Year's Eve,Special Non-working Holiday,2028,12,31
01/01/2029,New Year's Day,Regular Holiday,2029,1,1
16/01/2029,Ramadan Start,Observance,2029,1,16
23/01/2029,First Philippine Republic Day,Special Working Day,2029,1,23
13/02/2029,Lunar New Year's Day,Special Non-working Holiday,2029,2,13
15/02/2029,Eidul-Fitar,Regular Holiday,2029,2,15
25/02/2029,People Power Anniversary,Special Non-working Holiday,2029,2,25
20/03/2029,March Equinox,Season,2029,3,20
29/03/2029,Maundy Thursday,Regular Holiday,2029,3,29
30/03/2029,Good Friday,Regular Holiday,2029,3,30
31/03/2029,Black Saturday,Special Non-working Holiday,2029,3,31
01/04/2029,Easter Sunday,Observance,2029,4,1
09/04/2029,The Day of Valor,Regular Holiday,2029,4,9
24/04/2029,Eid al-Adha,Regular Holiday,2029,4,24
25/04/2029,Eid al-Adha Day 2,Common local holiday,2029,4,25
01/05/2029,Labor Day,Regular Holiday,2029,5,1
15/05/2029,Amun Jadid,"Muslim, Common local holiday",2029,5,15
12/06/2029,Independence Day,Regular Holiday,2029,6,12
21/06/2029,June Solstice,Season,2029,6,21
24/07/2029,Maulid un-Nabi,Common local holiday,2029,7,24
21/08/2029,Ninoy Aquino Day,Special Non-working Holiday,2029,8,21
27/08/2029,National Heroes Day,Regular Holiday,2029,8,27
03/09/2029,Yamashita Surrender Day,Special Working Day,2029,9,3
08/09/2029,Feast of the Nativity of Mary,Special Working Day,2029,9,8
23/09/2029,September Equinox,Season,2029,9,23
01/11/2029,All Saints' Day,Special Non-working Holiday,2029,11,1
02/11/2029,All Souls' Day,Observance,2029,11,2
30/11/2029,Bonifacio Day,Regular Holiday,2029,11,30
04/12/2029,Lailatul Isra Wal Mi Raj,Common local holiday,2029,12,4
08/12/2029,Feast of the Immaculate Conception,Special Non-working Holiday,2029,12,8
21/12/2029,December Solstice,Season,2029,12,21
24/12/2029,Christmas Eve,Observance,2029,12,24
25/12/2029,Christmas Day,Regular Holiday,2029,12,25
30/12/2029,Rizal Day,Regular Holiday,2029,12,30
31/12/2029,New Year's Eve,Special Non-working Holiday,2029,12,31
01/01/2030,New Year's Day,Regular Holiday,2030,1,1
06/01/2030,Ramadan Start,Observance,2030,1,6
23/01/2030,First Philippine Republic Day,Special Working Day,2030,1,23
03/02/2030,Lunar New Year's Day,Special Non-working Holiday,2030,2,3
05/02/2030,Eidul-Fitar,Regular Holiday,2030,2,5
25/02/2030,People Power Anniversary,Special Non-working Holiday,2030,2,25
20/03/2030,March Equinox,Season,2030,3,20
09/04/2030,The Day of Valor,Regular Holiday,2030,4,9
14/04/2030,Eid al-Adha,Regular Holiday,2030,4,14
15/04/2030,Eid al-Adha Day 2,Common local holiday,2030,4,15
18/04/2030,Maundy Thursday,Regular Holiday,2030,4,18
19/04/2030,Good Friday,Regular Holiday,2030,4,19
20/04/2030,Black Saturday,Special Non-working Holiday,2030,4,20
21/04/2030,Easter Sunday,Observance,2030,4,21
01/05/2030,Labor Day,Regular Holiday,2030,5,1
04/05/2030,Amun Jadid,"Muslim, Common local holiday",2030,5,4
12/06/2030,Independence Day,Regular Holiday,2030,6,12
21/06/2030,June Solstice,Season,2030,6,21
13/07/2030,Maulid un-Nabi,Common local holiday,2030,7,13
21/08/2030,Ninoy Aquino Day,Special Non-working Holiday,2030,8,21
26/08/2030,National Heroes Day,Regular Holiday,2030,8,26
03/09/2030,Yamashita Surrender Day,Special Working Day,2030,9,3
08/09/2030,Feast of the Nativity of Mary,Special Working Day,2030,9,8
23/09/2030,September Equinox,Season,2030,9,23
01/11/2030,All Saints' Day,Special Non-working Holiday,2030,11,1
02/11/2030,All Souls' Day,Observance,2030,11,2
23/11/2030,Lailatul Isra Wal Mi Raj,Common local holiday,2030,11,23
30/11/2030,Bonifacio Day,Regular Holiday,2030,11,30
08/12/2030,Feast of the Immaculate Conception,Special Non-working Holiday,2030,12,8
22/12/2030,December Solstice,Season,2030,12,22
24/12/2030,Christmas Eve,Observance,2030,12,24
25/12/2030,Christmas Day,Regular Holiday,2030,12,25
26/12/2030,Ramadan Start,Observance,2030,12,26
30/12/2030,Rizal Day,Regular Holiday,2030,12,30
31/12/2030,New Year's Eve,Special Non-working Holiday,2030,12,31
